{
  "epoch": [
    1,
    2,
    3,
    4,
    5,
    6,
    7,
    8,
    9,
    10
  ],
  "loss": [
    0.79214,
    0.738219,
    0.687968,
    0.641137,
    0.597495,
    0.556823,
    0.51892,
    0.483597,
    0.450678,
    0.42
  ],
  "val_loss": [
    0.831747,
    0.77513,
    0.722366,
    0.673194,
    0.62737,
    0.584664,
    0.544866,
    0.507776,
    0.473212,
    0.441
  ],
  "vram_usage": [
    6.9,
    7.0,
    6.8,
    6.9,
    7.0,
    6.8,
    6.9,
    7.0,
    6.8,
    6.9
  ]
}